{"cameraMode":{"drawMode":0,"name":"Shaded","section":"Shading Mode"},"sceneLighting":true,"audioPlay":false,"sceneViewState":{"m_AlwaysRefresh":false,"showFog":true,"showSkybox":true,"showFlares":true,"showImageEffects":true,"showParticleSystems":true,"showVisualEffectGraphs":true,"m_FxEnabled":true},"in2DMode":false,"pivot":{"x":-1.4354748725891114,"y":1.6205415725708008,"z":-3.095656633377075},"rotation":{"x":0.10772128403186798,"y":-0.06894347071647644,"z":-0.007477939128875732,"w":-0.991769552230835},"size":3.621767520904541,"orthographic":false}